{
  "processor": "net.cwjn.idf.compat.patchouli.PatchouliCompat",
  "components": [
    {
      "type": "patchouli:header",
      "text": "Stats",
      "x": -1,
      "y": -1
    },
    {
      "type": "patchouli:separator",
      "x": -1,
      "y": -1
    },
    {
      "type": "patchouli:text",
      "y": 16,
      "text": "HP: $(l)$(4)#health#$()$(br)$(t:Evasion)EVA: $()$(l)$(8)#evasion#%$()$(br)$(t:Strike Modifier)#strikeMsg#$()$(l)$(#strikeColour#)#strike#$()$(br)$(t:Crush Modifier)#crushMsg#$()$(l)$(#crushColour#)#crush#$()"
    },
    {
      "type": "patchouli:text",
      "y": 16,
      "x": 42,
      "text": "SPD: $(l)$(2)$(t:blocks per second)#movespeed#b/s$()$(br)$(t:Damage Class)DMG: $()$(l)$(2)#damageClass#$()$(br)$(t:Pierce Modifier)#pierceMsg#$()$(l)$(#pierceColour#)#pierce#$()$(br)$(t:Generic Modifier)#genericMsg#$()$(l)$(#genericColour#)#generic#"
    },
    {
      "type": "patchouli:text",
      "y": 34,
      "x": 84,
      "text": "$(t:Slash Modifier)#slashMsg#$()$(l)$(#slashColour#)#slash#$()"
    },
    {
      "type": "patchouli:separator",
      "x": -1,
      "y": 53
    },
    {
      "type": "patchouli:text",
      "y": 57,
      "color": "AA9C8A",
      "text": "$(0)PHYS:$() $(l)#physicalDamage#$()DMG / $(l)#physicalResistance#$()%DR"
    },
    {
      "type": "patchouli:text",
      "y": 66,
      "color": "FF9900",
      "text": "$(0)FIRE:$() $(l)#fireDamage#$()DMG / $(l)#fireResistance#$()%DR"
    },
    {
      "type": "patchouli:text",
      "y": 75,
      "color": "2E73EE",
      "text": "$(0)WTR:$() $(l)#waterDamage#$()DMG / $(l)#waterResistance#$()%DR"
    },
    {
      "type": "patchouli:text",
      "y": 84,
      "color": "FFE175",
      "text": "$(0)LTNG:$() $(l)#lightningDamage#$()DMG / $(l)#lightningResistance#$()%DR"
    },
    {
      "type": "patchouli:text",
      "y": 93,
      "color": "B3FFE7",
      "text": "$(0)MAG:$() $(l)#magicDamage#$()DMG / $(l)#magicResistance#$()%DR"
    },
    {
      "type": "patchouli:text",
      "y": 102,
      "color": "5A265E",
      "text": "$(0)DARK:$() $(l)#darkDamage#$()DMG / $(l)#darkResistance#$()%DR"
    },
    {
      "type": "patchouli:separator",
      "x": -1,
      "y": 112
    },
    {
      "type": "patchouli:text",
      "y": 116,
      "text": "$(t:Knockback)KB:$() $(t:% of normal knockback inflicted)$(l)#knockback#%$() / $(t:% of knockback taken)$(l)#knockback_resistance#%$()$(br)$(t:Weight of entity's attacks)FRC: $(l)$(8)#attackWeight#$()$(br)$(t:Lifesteal)LS: $(4)$(l)#lifesteal#%"
    },
    {
      "type": "patchouli:text",
      "y": 125,
      "x": 35,
      "text": "DEF: $(l)$(8)#defense#$()"
    },
    {
      "type": "patchouli:text",
      "y": 134,
      "x": 35,
      "text": "$(t:Armour penetration)AP: $(l)#pen#%$()"
    }
  ]
}